0,Score
orate,5057
arose,5041
later,5023
alert,5023
alter,5023
aster,5011
stare,5011
lares,5007
irate,4951
raise,4935
arise,4935
steal,4923
least,4923
slate,4923
stale,4923
renal,4856
learn,4856
aisle,4847
snare,4844
atone,4806
alone,4802
cater,4760
trace,4760
crate,4760
carte,4760
caret,4760
clear,4756
scare,4744
alien,4696
anise,4684
store,4673
eclat,4672
cleat,4672
caste,4660
earth,4658
hater,4658
heart,4658
opera,4657
scale,4656
adore,4651
share,4642
shear,4642
taper,4627
pater,4627
saute,4625
pearl,4623
tread,4621
dater,4621
trade,4621
alder,4617
parse,4611
spare,4611
spear,4611
osier,4597
crane,4593
mater,4589
stole,4585
realm,4585
yates,4580
yeast,4580
smear,4573
maser,4573
lathe,4570
haste,4558
leash,4554
grate,4554
shale,4554
great,4554
glare,4550
lager,4550
large,4550
regal,4550
leapt,4539
ocean,4539
pleat,4539
canoe,4539
petal,4539
plate,4539
roast,4536
blare,4536
dealt,4533
delta,4533
solar,4532
paste,4527
spate,4527
septa,4527
sepal,4523
lapse,4523
tenor,4522
stead,4521
yearn,4513
senor,4506
snore,4506
lance,4505
clean,4505
metal,4501
steam,4489
stile,4479
islet,4479
ratio,4476
stern,4476
ideal,4457
gates,4454
stage,4454
bleat,4452
table,4452
sepia,4451
flare,4450
aside,4445
aides,4445
trial,4442
trail,4442
baste,4440
beast,4440
sable,4436
stair,4430
seton,4422
onset,4422
stone,4422
inert,4416
inter,4416
water,4411
neath,4407
score,4406
anode,4400
rinse,4400
siren,4400
risen,4400
swear,4395
ashen,4391
reach,4391
agile,4390
anger,4387
range,4387
route,4387
aegis,4378
afire,4378
crest,4376
acute,4374
avert,4373
penal,4372
plane,4372
panel,4372
rouse,4371
arson,4369
sonar,4369
ravel,4369
velar,4369
fetal,4366
laden,4366
caper,4360
aspen,4360
sauce,4358
cause,4358
feast,4354
cadre,4354
sedan,4354
cedar,4354
stake,4348
steak,4348
skate,4348
noise,4346
slake,4344
trans,4339
meant,4338
snarl,4335
genoa,4333
agone,4333
inlet,4328
manse,4322
cream,4322
coset,4322
other,4320
ovate,4319
close,4318
inset,4316
stein,4316
relic,4312
waste,4311
sweat,4311
tyler,4308
cheat,4307
teach,4307
shore,4304
horse,4304
leach,4303
agent,4303
glean,4299
angle,4299
angel,4299
tonal,4297
talon,4297
diane,4294
chase,4291
grace,4287
santo,4285
valet,4285
actor,4285
alike,4284
louse,4283
carol,4281
sloan,4281
coral,4281
salon,4281
intra,4279
train,4279
ready,4274
prose,4273
spore,4273
stave,4273
brace,4273
place,4272
cadet,4270
oscar,4269
salve,4269
cameo,4268
decal,4266
extra,4265
space,4260
crone,4255
argue,4252
heard,4252
auger,4252
metro,4251
slant,4251
waite,4251
morel,4247
morse,4235
camel,4234
riley,4232
hotel,4232
oaken,4227
pause,4225
emacs,4222
padre,4221
drape,4221
those,4220
harem,4220
ethos,4220
ultra,4216
their,4214
terra,4213
vitae,4213
treat,4213
eater,4213
rater,4213
tater,4213
slice,4212
alive,4209
style,4208
raven,4206
royal,4201
gorse,4200
shire,4198
erase,4197
taken,4197
octal,4197
utile,4193
ankle,4193
zaire,4192
estop,4189
amuse,4187
farce,4187
delay,4186
sober,4186
slope,4185
cable,4185
coast,4185
costa,4185
tripe,4183
petri,4183
dream,4183
torah,4183
suite,4181
creak,4181
snake,4181
sneak,4181
satin,4179
saint,4179
stain,4179
peril,4179
exalt,4177
latex,4177
moire,4175
snail,4175
slain,4175
nurse,4174
aleph,4170
death,4168
spire,4167
clone,4167
texas,4165
motel,4163
satyr,4159
adieu,4159
stray,4159
phase,4158
shape,4158
meaty,4158
slept,4155
mealy,4154
grape,4154
heron,4153
novae,4152
usage,4152
shade,4152
hades,4152
smote,4151
polar,4148
grade,4148
remit,4145
entry,4145
mitre,4145
merit,4145
oases,4143
seamy,4142
abuse,4138
trash,4137
adept,4137
aerie,4137
bread,4134
debar,4134
beard,4134
plead,4133
pedal,4133
miser,4129
lithe,4126
elate,4125
scent,4125
prone,4122
spade,4121
shame,4120
navel,4118
acorn,4118
venal,4118
smelt,4117
talus,4116
drone,4116
latus,4116
forte,4116
sault,4116
urine,4114
amort,4114
inure,4114
poise,4113
taste,4113
tease,4113
state,4113
asset,4113
molar,4110
moral,4110
tiger,4110
salle,4109
lease,4109
easel,4109
pecan,4109
faery,4107
strap,4106
crave,4106
carve,4106
facet,4103
dance,4103
amber,4102
bream,4102
ample,4101
maple,4101
fecal,4099
tribe,4096
medal,4095
loath,4095
aleck,4093
truce,4090
tilde,4089
loris,4088
bathe,4087
ulcer,4086
lucre,4086
trend,4086
cruel,4086
spite,4083
adobe,4080
abode,4080
shoal,4079
groat,4079
argot,4079
gator,4079
corey,4075
curse,4074
sidle,4073
wrote,4073
tower,4073
slide,4073
salty,4071
radio,4070
blest,4068
smart,4068
barge,4067
abort,4065
weary,4064
omega,4062
lobar,4061
glade,4060
hyena,4060
worse,4057
swore,4057
shone,4053
chore,4053
since,4049
negro,4049
lunar,4049
degas,4048
rhine,4047
blade,4046
tapir,4046
arena,4046
naive,4046
smite,4045
drake,4042
smile,4041
slime,4041
miles,4041
triad,4040
borne,4035
overt,4035
canto,4034
acton,4034
unite,4030
paris,4030
olden,4028
gleam,4028
wrest,4027
amide,4023
media,4023
chert,4023
retch,4023
leafy,4019
servo,4019
calve,4018
splat,4018
frame,4016
credo,4016
decor,4016
ripen,4016
amble,4014
curie,4014
blame,4014
leaky,4013
cairn,4012
laity,4011
stoke,4010
rifle,4006
dewar,4005
brent,4005
craze,4001
snort,4001
monte,4000
lemon,3996
melon,3996
serif,3994
patio,3992
crept,3992
spent,3992
gloat,3991
scant,3988
paoli,3988
sheaf,3985
owlet,3985
towel,3985
apron,3985
meson,3984
value,3983
begat,3983
gable,3979
shake,3979
radon,3979
adorn,3979
bloat,3977
flora,3975
abide,3974
usher,3972
suave,3971
grail,3969
write,3967
azure,3966
boast,3965
thine,3963
anent,3962
eaten,3962
break,3961
brake,3961
plait,3958
wheat,3958
erupt,3957
image,3956
libra,3955
whale,3954
chose,3953
tidal,3952
freon,3949
speak,3948
shine,3947
norma,3947
manor,3947
roman,3947
noble,3947
tapis,3946
reign,3943
niger,3943
super,3941
sprue,3941
purse,3941
staid,3940
swelt,3939
stove,3935
amend,3932
inept,3932
rainy,3932
blast,3931
solve,3931
rivet,3929
brine,3929
dolce,3928
flame,3928
antic,3928
stark,3927
livre,3925
chest,3923
decay,3923
scope,3922
filet,3922
house,3918
price,3916
snipe,3916
roach,3916
penis,3916
halve,3916
spine,3916
lemur,3915
exact,3914
horde,3914
rogue,3914
rouge,3914
organ,3912
groan,3912
argon,3912
cider,3910
nasty,3908
tansy,3908
cheap,3907
peach,3907
biota,3905
shave,3904
serum,3903
trawl,3902
grave,3900
comet,3900
baron,3898
scary,3892
aloft,3891
nodal,3891
float,3891
straw,3890
swart,3890
chart,3886
inane,3886
brave,3886
copra,3885
pedro,3883
larch,3882
grant,3882
douse,3881
luger,3880
fable,3879
draco,3879
gnarl,3878
crime,3878
auric,3877
curia,3877
otter,3875
freak,3875
bleak,3873
nadir,3873
drain,3873
olive,3871
brute,3870
buret,3870
crash,3870
ounce,3869
frail,3869
tuple,3869
flair,3869
shred,3868
brant,3868
surge,3868
plant,3867
torus,3866
often,3865
mange,3865
lewis,3863
ethic,3863
felon,3861
chile,3859
token,3859
tinge,3859
setup,3857
upset,3857
equal,3856
cagey,3856
basil,3855
ethyl,3855
pulse,3853
force,3849
mouse,3849
stand,3849
yodel,3848
dulse,3847
macro,3847
mason,3847
cease,3846
inlay,3844
infer,3843
singe,3843
sepoy,3842
poesy,3842
posey,3842
extol,3839
stalk,3839
scrap,3839
scarp,3839
wafer,3838
surah,3835
uncle,3835
wreak,3832
above,3832
ester,3829
terse,3829
steer,3829
tress,3829
tango,3828
edict,3826
levis,3825
piano,3825
knelt,3825
anglo,3824
logan,3824
coney,3824
along,3824
beryl,3821
heady,3821
story,3821
beach,3820
chaos,3816
spice,3816
grope,3816
buteo,3816
began,3816
baton,3814
paper,3813
cargo,3812
gavel,3812
hazel,3811
volta,3810
chair,3810
clerk,3809
dread,3807
grain,3806
sperm,3805
supra,3804
scaly,3804
berth,3803
cohen,3802
probe,3802
scram,3801
short,3799
depot,3799
carob,3798
latch,3798
cobra,3798
graze,3795
inapt,3795
paint,3795
salvo,3794
brain,3792
naked,3791
knead,3791
plain,3791
clime,3790
prune,3790
rival,3788
viral,3788
amino,3787
lotte,3787
flake,3787
guest,3784
under,3784
clash,3782
angst,3782
bluet,3782
zebra,3781
novel,3780
gules,3780
spain,3779
lotus,3778
alley,3778
mural,3778
awoke,3778
slang,3778
glans,3778
hoard,3777
pride,3777
henry,3776
party,3775
acrid,3773
loess,3771
ponce,3771
loose,3771
trite,3769
foyer,3769
tardy,3769
cover,3768
strop,3768
sport,3768
bract,3768
mayor,3767
tempo,3767
essay,3766
riven,3762
screw,3760
snark,3760
theta,3760
heath,3760
feint,3759
spray,3759
model,3757
aloud,3756
ileum,3755
elfin,3755
haven,3753
rumen,3752
piety,3752
clasp,3751
scalp,3751
liken,3749
ralph,3749
tweak,3748
fovea,3746
deity,3746
prime,3745
scald,3745
yield,3742
steel,3741
sleet,3741
stoic,3741
agree,3740
eager,3740
aorta,3738
sharp,3737
skein,3737
flyer,3735
chafe,3734
viola,3734
scorn,3734
mylar,3733
askew,3732
argus,3731
sugar,3731
shard,3731
cleft,3731
waist,3730
hairy,3730
storm,3730
barre,3726
adult,3726
lapel,3725
apple,3725
lodge,3722
honey,3722
giant,3722
exist,3721
stupa,3720
guile,3720
ladle,3719
addle,3719
ranch,3719
align,3718
boyar,3718
twine,3716
today,3715
toady,3715
james,3714
passe,3713
pease,3713
sloth,3711
gripe,3710
guise,3708
glaze,3707
cigar,3706
infra,3706
croak,3706
hasty,3706
unary,3706
craig,3706
soapy,3705
vital,3704
dirge,3704
ridge,3704
altar,3704
beady,3703
louis,3702
phage,3701
fresh,3701
swine,3700
sinew,3700
marsh,3699
chine,3696
flute,3696
abhor,3696
niche,3696
tepid,3693
blaze,3693
dairy,3693
diary,3693
shirt,3693
vista,3692
basin,3692
starr,3692
start,3692
matte,3691
peony,3691
bride,3690
dicta,3689
lemma,3687
doris,3686
crude,3684
tramp,3684
audio,3684
fetus,3684
covet,3684
craft,3682
foley,3681
title,3681
elite,3681
clove,3680
garth,3680
loamy,3679
about,3679
spica,3679
enter,3678
track,3676
stank,3676
yokel,3675
pasty,3675
patsy,3675
levin,3674
liven,3674
threw,3674
power,3673
grime,3672
palsy,3671
splay,3671
maybe,3671
phone,3669
hover,3666
scarf,3666
lisle,3665
lumen,3664
fiery,3663
adopt,3662
sneer,3662
strip,3662
board,3659
broad,3659
shrew,3658
impel,3657
eight,3657
agate,3656
demit,3655
audit,3654
money,3653
claim,3653
staph,3653
eagle,3652
legal,3652
algae,3652
lefty,3651
total,3650
brash,3650
allot,3650
atoll,3650
north,3648
thorn,3648
jones,3647
begot,3645
forge,3643
abate,3642
globe,3641
kraut,3641
gases,3640
rapid,3640
decry,3639
stoat,3638
toast,3638
label,3638
babel,3638
mayst,3637
chute,3637
coupe,3636
crawl,3635
chant,3635
prove,3635
lasso,3634
grasp,3633
trait,3632
foray,3632
douce,3630
lunge,3629
drove,3629
styli,3627
mince,3627
silty,3627
abase,3626
focal,3624
tenon,3624
broke,3623
perch,3623
faint,3622
orbit,3621
modal,3620
pilot,3620
leone,3620
final,3618
cloak,3618
genus,3617
broil,3617
peaky,3617
whole,3616
glide,3616
twice,3616
snout,3615
court,3615
flesh,3613
shelf,3613
spoke,3610
voice,3608
posit,3608
noose,3608
prima,3608
crore,3608
mercy,3607
debit,3606
ebony,3604
stall,3604
whose,3604
spoil,3604
polis,3604
atlas,3604
randy,3602
stagy,3602
haunt,3600
scour,3599
solid,3598
aware,3597
waive,3597
macon,3596
frost,3595
irony,3594
demon,3594
daisy,3593
basic,3592
delft,3592
tonic,3590
grist,3589
stork,3589
podia,3586
spend,3586
decoy,3585
stamp,3584
waken,3581
plasm,3580
psalm,3580
twain,3579
dowel,3579
erect,3578
steen,3578
evict,3578
tense,3578
hovel,3578
civet,3578
amity,3577
badge,3577
stack,3576
spilt,3574
scion,3574
split,3574
snell,3574
sonic,3574
heavy,3573
rhino,3572
slack,3572
fermi,3572
smoke,3572
stony,3570
welsh,3570
moist,3570
crust,3569
epoch,3569
urban,3566
shove,3566
daunt,3563
swain,3563
penna,3562
grove,3562
ceres,3562
oasis,3562
paean,3562
cress,3562
weird,3561
chain,3559
china,3559
fault,3559
warty,3559
reave,3559
shark,3558
thief,3557
clint,3556
rabid,3553
braid,3553
plaid,3552
worst,3552
ovary,3551
drupe,3551
prude,3551
rheum,3550
dwelt,3549
mauve,3549
torch,3548
bacon,3547
utter,3543
sulfa,3543
hyper,3543
vocal,3543
draft,3543
swept,3543
ouzel,3540
curio,3539
taxon,3539
anvil,3537
wrath,3537
grief,3537
bilge,3535
angry,3535
sheik,3535
bloke,3535
rangy,3535
hertz,3531
viper,3529
sisal,3528
allis,3528
panic,3528
alias,3528
spark,3527
gnome,3527
clout,3527
clang,3527
honda,3526
fairy,3526
guano,3526
vicar,3525
saran,3525
panty,3524
joule,3524
octet,3524
brief,3523
drive,3523
quote,3522
until,3521
fetid,3520
admit,3518
coven,3517
field,3516
franc,3515
scout,3515
withe,3514
white,3514
vague,3514
linen,3514
demur,3513
print,3511
blend,3511
locus,3511
veldt,3511
while,3510
crank,3509
cosec,3508
pansy,3508
talky,3508
exult,3507
saucy,3506
habit,3506
rhyme,3505
shako,3504
spike,3504
minor,3503
sandy,3502
flirt,3501
corps,3501
truly,3501
terry,3498
bowel,3498
below,3498
elbow,3498
drawl,3496
gaunt,3496
noisy,3494
leery,3494
cache,3493
neigh,3490
manic,3490
hinge,3490
elect,3490
rusty,3489
first,3489
parch,3486
polka,3485
surly,3485
purge,3484
skirt,3483
bantu,3482
wacke,3481
agony,3481
amigo,3481
shaft,3480
chard,3480
vault,3478
graft,3476
quest,3476
there,3476
grand,3476
flash,3476
ether,3476
three,3476
glove,3474
wield,3473
choir,3472
valve,3471
leave,3471
order,3469
erode,3469
rodeo,3469
video,3469
groin,3468
hurst,3467
swipe,3467
culpa,3465
ducat,3463
peace,3462
brand,3462
cloth,3460
lyric,3460
sheer,3460
hogan,3459
twirl,3458
pinto,3457
monad,3457
nomad,3457
chide,3457
point,3457
yacht,3455
tulle,3455
elute,3455
robin,3454
vitro,3454
scaup,3453
natal,3453
deign,3453
zesty,3453
swarm,3452
savoy,3451
tangy,3451
gluey,3449
wince,3449
charm,3448
march,3448
belch,3448
wrist,3446
peter,3445
front,3444
waldo,3442
swirl,3442
repel,3441
leper,3441
tract,3441
cabin,3441
quart,3439
befit,3439
deter,3439
visor,3438
colza,3438
cavil,3437
swath,3437
movie,3437
romeo,3437
envoy,3437
nasal,3437
curve,3436
spurt,3436
venus,3436
doric,3435
devil,3435
sigma,3435
elder,3435
foist,3435
dunce,3433
shawl,3433
umber,3432
poach,3432
slurp,3432
lousy,3431
plume,3431
press,3429
spree,3429
pupae,3427
bowie,3426
crass,3425
chime,3425
mecca,3424
prize,3424
dress,3423
seder,3423
gonad,3422
clank,3421
thyme,3421
faith,3420
timon,3419
derby,3419
spume,3419
hello,3418
cowan,3418
cramp,3417
quite,3416
endow,3416
quiet,3416
brawl,3415
sumac,3415
south,3413
shout,3413
gnash,3413
okapi,3413
cozen,3412
anion,3411
bravo,3411
grout,3409
gauze,3409
quern,3409
snack,3409
meter,3407
scold,3407
nubia,3406
harpy,3406
micro,3403
minos,3403
corny,3403
crony,3403
merle,3403
gorge,3402
rural,3402
roger,3402
patch,3402
aural,3402
laura,3402
lusty,3401
hydra,3400
depth,3400
hardy,3400
testy,3398
waxen,3398
strum,3398
crisp,3395
mocha,3394
macho,3394
pluto,3394
beaux,3392
choke,3390
mango,3390
empty,3390
among,3390
medic,3388
lethe,3388
gland,3388
elope,3387
cotta,3387
sworn,3385
layup,3385
quota,3385
women,3384
ingot,3384
local,3383
spout,3382
taint,3381
titan,3381
snafu,3380
login,3380
debut,3380
lingo,3380
devon,3378
liana,3377
prank,3376
sheet,3376
these,3376
posse,3375
bland,3374
begin,3372
egret,3372
shell,3372
greet,3372
binge,3372
being,3372
drank,3370
kraft,3370
issue,3367
scuba,3366
fetch,3366
lurid,3366
troll,3366
circa,3365
count,3364
helix,3364
match,3364
eider,3363
tarry,3361
blurt,3361
oxide,3361
glory,3360
ketch,3360
beret,3358
rally,3357
optic,3357
topic,3357
nonce,3357
scrim,3357
froze,3357
serge,3356
ahead,3354
bison,3354
boric,3354
torso,3354
rebel,3354
roost,3354
gauge,3354
fiend,3353
totem,3353
motet,3353
glint,3350
burst,3349
chasm,3348
whine,3347
femur,3346
venom,3346
bicep,3345
steep,3345
croft,3344
objet,3343
runic,3342
incur,3342
lanky,3341
spell,3341
guard,3341
sleep,3341
squat,3339
arhat,3339
steed,3339
major,3339
sting,3338
miaow,3338
runty,3338
moose,3337
scala,3337
moses,3337
class,3337
sling,3334
perky,3333
pixel,3333
drawn,3333
avoid,3332
bayou,3332
wolve,3331
vowel,3331
clamp,3329
broth,3328
throb,3328
podge,3326
dirty,3325
thank,3323
harsh,3323
shiva,3323
welch,3319
phyla,3318
guide,3318
scamp,3317
tithe,3316
batch,3315
speck,3313
scene,3311
widen,3310
bugle,3309
diode,3309
gusto,3309
topaz,3309
bulge,3309
round,3309
apart,3308
tawny,3308
pratt,3308
shank,3307
pious,3306
flour,3305
borax,3303
smell,3303
loyal,3303
alloy,3303
third,3303
goose,3302
offer,3302
usual,3302
davit,3302
horny,3301
aroma,3300
upend,3300
shady,3300
valid,3298
bogey,3298
notch,3297
batik,3296
umbra,3295
abbey,3295
datum,3292
swami,3292
burke,3291
laugh,3290
chief,3290
fiche,3290
bruit,3289
obese,3288
plank,3288
tulip,3288
hefty,3286
feign,3286
caulk,3286
gecko,3286
bench,3285
petit,3285
vetch,3285
gamin,3284
bribe,3282
aloha,3281
tacit,3281
attic,3281
quake,3281
cacti,3281
logic,3280
graph,3280
hoagy,3279
preen,3278
radix,3278
cilia,3277
mourn,3277
lilac,3277
iliac,3277
elide,3275
quail,3275
dozen,3273
tally,3273
imbue,3272
mirth,3271
betel,3270
spurn,3269
pepsi,3269
alarm,3266
flask,3266
stool,3266
forty,3264
quasi,3263
tasty,3261
trill,3260
beset,3258
tunic,3258
sally,3257
mavis,3254
hymen,3254
bless,3254
candy,3251
niece,3251
flint,3250
adage,3250
amply,3249
woman,3247
stomp,3246
tacky,3245
froth,3242
ghost,3242
forth,3242
fraud,3241
stash,3239
spawn,3239
stock,3238
girth,3236
right,3236
shall,3235
slash,3235
trick,3232
stink,3232
tipsy,3231
query,3229
slink,3228
bourn,3228
nudge,3227
radii,3226
gamut,3225
tenth,3225
prism,3224
birth,3222
rabat,3221
flout,3221
canon,3220
grass,3219
chalk,3219
gemma,3218
lowry,3217
shunt,3216
guilt,3215
lurch,3212
alamo,3212
grunt,3212
molal,3212
chive,3209
cheer,3209
sound,3209
sheen,3209
album,3207
shack,3207
given,3205
brass,3205
genre,3205
sabra,3205
green,3205
frank,3203
zazen,3203
fruit,3203
built,3201
blank,3201
crush,3200
annex,3200
throw,3199
worth,3199
burnt,3198
brunt,3198
salad,3198
scowl,3197
wreck,3197
siege,3196
whorl,3195
maria,3194
belie,3194
libel,3194
baldy,3194
junta,3194
bible,3194
mount,3193
misty,3193
axiom,3192
bonze,3192
slimy,3189
sprig,3189
lever,3187
aphid,3187
elver,3187
revel,3187
watch,3186
whelp,3186
canal,3186
magic,3184
fleet,3184
midge,3182
folic,3180
knife,3180
crepe,3178
creep,3178
unity,3178
havoc,3178
vogue,3176
lofty,3176
verse,3175
sever,3175
serve,3175
deify,3173
edify,3173
dense,3172
creed,3172
smith,3171
codex,3170
woven,3168
bedim,3168
abbot,3167
taboo,3167
small,3166
skeet,3166
index,3164
prowl,3164
synod,3164
chang,3162
human,3162
touch,3162
balmy,3162
sleek,3162
stilt,3160
still,3160
world,3158
taunt,3155
juice,3155
fleck,3152
monic,3152
dogma,3151
basso,3151
annul,3151
prexy,3150
pyrex,3150
handy,3149
crazy,3149
light,3148
porch,3148
monty,3148
whelm,3148
sword,3146
begun,3146
briar,3145
rabbi,3145
prong,3144
puree,3143
rupee,3143
cycle,3143
lycee,3143
chord,3142
sybil,3140
sibyl,3140
annoy,3140
crypt,3140
sauna,3139
smack,3138
iliad,3138
sight,3136
risky,3136
divan,3135
crown,3134
midst,3134
stick,3132
glass,3131
auxin,3131
sweet,3129
bonus,3128
slick,3128
shaky,3127
month,3126
swell,3125
input,3125
arrow,3122
rubin,3122
cloud,3121
leech,3121
could,3121
balsa,3117
mynah,3117
fluke,3117
basal,3117
river,3115
flank,3115
shirk,3114
xerox,3113
stung,3112
haiku,3112
blunt,3110
foamy,3110
natty,3110
chess,3109
slung,3108
ivory,3107
heave,3106
trunk,3106
virus,3106
murre,3105
knurl,3102
black,3101
drift,3099
solon,3099
perry,3098
epoxy,3096
shiny,3095
toxin,3095
limbo,3095
carry,3094
amiss,3094
julep,3094
reedy,3092
growl,3091
thong,3091
washy,3090
whirl,3089
syrup,3089
elves,3087
cross,3087
fugal,3086
fancy,3084
exert,3083
gaffe,3083
cling,3083
youth,3082
scrub,3082
joint,3082
afoot,3081
donna,3081
offal,3077
aloof,3077
briny,3077
proud,3076
taiga,3075
humor,3075
befog,3072
minus,3071
koala,3071
evade,3069
trout,3068
tutor,3068
bigot,3064
spiny,3064
hydro,3062
error,3061
tibia,3061
swank,3060
wrack,3060
emery,3060
merry,3060
mulct,3059
friar,3059
waltz,3059
calyx,3058
fount,3058
labia,3057
alibi,3057
etude,3053
larva,3050
elude,3049
churn,3049
silky,3048
gravy,3048
filth,3048
fatal,3047
clown,3046
smirk,3045
genii,3045
thrum,3045
basis,3045
genie,3045
bassi,3045
chirp,3042
weigh,3041
rough,3040
banjo,3039
frond,3038
blond,3036
shift,3036
soupy,3035
staff,3035
allow,3034
grind,3032
bandy,3031
furze,3025
never,3024
nerve,3024
xylem,3024
trust,3022
truss,3022
strut,3022
balky,3021
lorry,3019
coach,3018
piece,3018
pique,3016
gouge,3016
equip,3016
lucid,3015
sieve,3015
flack,3015
trump,3014
petty,3014
burly,3014
motif,3013
mangy,3013
berry,3011
itchy,3011
kneel,3011
group,3009
teddy,3008
sorry,3007
whelk,3007
tying,3007
joust,3007
stunk,3006
truck,3006
scoot,3003
lying,3003
gourd,3003
slunk,3002
agave,3002
creek,2999
study,2999
dusty,2999
mousy,2997
stint,2997
brisk,2996
telex,2995
drown,2995
colby,2995
quirt,2995
toxic,2995
shrug,2994
harry,2992
seedy,2992
clomp,2991
rocky,2991
mouth,2991
zloty,2990
catch,2988
hatch,2988
night,2985
thing,2985
bylaw,2984
shrub,2980
brush,2980
typic,2980
plush,2979
razor,2979
dingo,2978
clink,2977
botch,2977
sheep,2976
chewy,2976
india,2975
naiad,2975
newel,2974
crimp,2973
butte,2972
music,2971
flail,2971
guess,2970
proto,2970
troop,2970
quash,2970
pivot,2970
swamp,2968
stout,2968
musty,2967
greed,2966
banal,2966
snick,2965
champ,2964
wharf,2964
spicy,2964
lunch,2961
parry,2961
drool,2960
droll,2960
messy,2960
pitch,2958
jerky,2958
hence,2958
tough,2956
degum,2956
ought,2956
birch,2955
eerie,2955
dryad,2955
theme,2954
snowy,2954
cowry,2954
ditch,2952
ghoul,2952
breed,2952
bring,2951
mould,2950
ohmic,2950
comma,2949
dross,2948
child,2948
modem,2947
awful,2943
mania,2943
focus,2942
event,2940
sough,2940
colic,2939
judas,2939
speed,2939
chevy,2938
cubit,2938
elegy,2937
leggy,2937
croon,2936
flaky,2935
awake,2934
merge,2934
squad,2933
augur,2933
gusty,2932
vomit,2932
await,2932
shown,2932
gutsy,2932
amaze,2932
motor,2932
blind,2930
butyl,2930
wrong,2928
grown,2928
betty,2927
dwarf,2927
cajun,2927
pence,2927
drink,2926
ferry,2925
seven,2924
tempt,2923
marry,2923
belly,2923
ember,2920
exile,2919
lossy,2919
kerry,2919
vixen,2916
milch,2916
brown,2914
stump,2914
qualm,2913
dodge,2912
geode,2912
gaudy,2910
slump,2910
seize,2910
again,2908
debug,2907
nifty,2907
budge,2907
quilt,2907
stuck,2906
feces,2905
moldy,2905
doubt,2905
bebop,2904
jukes,2903
sooth,2901
shoot,2901
slosh,2897
crowd,2895
prior,2894
blush,2892
villa,2890
avail,2890
grebe,2885
opium,2884
robot,2883
gross,2881
hilum,2881
think,2879
odium,2878
pithy,2878
ledge,2878
patty,2877
barry,2874
playa,2873
apply,2873
forum,2871
potts,2870
stoop,2870
shock,2869
sixty,2869
dally,2867
sloop,2866
sedge,2866
cabal,2866
defer,2866
spool,2866
ozone,2865
stood,2864
bleed,2864
drama,2864
shoji,2864
crack,2862
xenon,2862
situs,2862
sappy,2861
quark,2860
where,2860
weave,2859
clung,2857
hound,2856
drill,2854
brock,2851
alpha,2851
colon,2848
sixth,2847
penny,2847
brink,2845
every,2844
veery,2844
canny,2843
nancy,2843
heigh,2843
needy,2841
pasha,2839
gauss,2833
prick,2832
fusty,2832
kelly,2831
vodka,2829
frown,2828
blown,2826
pound,2825
sammy,2823
wring,2822
bogus,2822
sulky,2822
vinyl,2822
fudge,2821
cumin,2820
grimy,2820
spitz,2819
sykes,2819
theft,2819
adapt,2818
phony,2817
dowry,2815
wordy,2815
rowdy,2815
silly,2813
halma,2813
hamal,2813
young,2811
enemy,2809
guild,2809
tilth,2807
flush,2806
polio,2806
ditto,2804
idiot,2804
smash,2801
beget,2801
occur,2801
naval,2799
climb,2798
rondo,2797
donor,2797
build,2795
floor,2793
greek,2793
gloss,2793
shill,2791
pinch,2791
swift,2789
gassy,2788
grill,2787
mound,2787
deuce,2786
fitch,2785
coypu,2784
abram,2783
boost,2783
wormy,2783
axial,2782
filch,2781
tenet,2780
thick,2779
fling,2777
conic,2776
ionic,2776
riggs,2775
abyss,2774
wheel,2772
would,2772
stunt,2771
spasm,2770
nylon,2768
moron,2765
frock,2765
sense,2764
block,2763
pouch,2762
queer,2762
spill,2760
benny,2760
blink,2757
sonny,2756
admix,2756
fence,2754
showy,2752
abash,2752
crump,2747
fritz,2746
brick,2745
quint,2744
blitz,2744
witch,2742
weber,2742
union,2741
flown,2740
kulak,2739
tweed,2739
bound,2738
limit,2738
dwell,2735
igloo,2733
farad,2729
mambo,2729
sweep,2729
parka,2729
excel,2728
avian,2727
dutch,2726
beige,2725
swede,2723
squaw,2723
jerry,2723
swing,2722
smoky,2720
eject,2719
verge,2718
assai,2718
boron,2716
might,2714
fluid,2709
yucca,2708
fatty,2704
taffy,2704
breve,2704
dandy,2704
danny,2704
spoon,2703
snoop,2703
drunk,2700
delve,2697
sinus,2695
rutty,2691
karma,2691
mulch,2690
cough,2689
fishy,2689
frill,2687
award,2686
samba,2683
oxeye,2682
krill,2681
privy,2677
flock,2677
kapok,2675
proxy,2675
usury,2675
quell,2674
bliss,2673
psych,2671
truth,2669
jesus,2668
coyly,2668
scull,2667
nitty,2666
tinny,2666
blimp,2665
kirby,2665
withy,2662
graff,2662
crumb,2660
clump,2659
wally,2657
gulch,2655
spiky,2652
found,2652
panda,2651
butch,2645
ninth,2644
annal,2639
beech,2638
honky,2638
hying,2638
pushy,2636
jelly,2635
folio,2633
filmy,2632
wacky,2629
milky,2626
chomp,2626
deere,2625
awash,2623
bambi,2623
usurp,2622
cupid,2619
judge,2619
finch,2618
plunk,2618
fever,2618
bevel,2616
boson,2616
wispy,2615
kiosk,2615
knack,2611
wound,2609
whack,2607
savvy,2607
spunk,2606
unify,2605
caddy,2604
cycad,2604
scoop,2603
width,2603
scops,2603
dingy,2601
dying,2601
khaki,2600
mushy,2598
wrung,2596
expel,2595
zilch,2595
mezzo,2594
stiff,2591
junco,2589
sully,2587
roomy,2585
pagan,2584
bawdy,2582
fauna,2582
skill,2581
burro,2581
lumpy,2579
fight,2579
teeth,2578
winch,2575
cacao,2573
cocoa,2573
flick,2571
lucky,2571
holly,2566
phlox,2565
punch,2565
slush,2565
droop,2564
rajah,2564
downy,2564
thump,2561
skimp,2561
twill,2560
evoke,2558
gauzy,2557
rotor,2556
druid,2556
flung,2551
dough,2550
bushy,2549
twist,2548
array,2547
tepee,2547
blurb,2547
check,2546
cheek,2546
booze,2545
hitch,2544
swill,2544
peggy,2541
grump,2541
chili,2540
chill,2540
calla,2539
mafia,2537
shuck,2537
fanny,2537
knoll,2536
toddy,2533
dolly,2529
munch,2527
snook,2524
crook,2524
runny,2524
crock,2524
debby,2521
shyly,2520
pluck,2518
dixie,2517
photo,2517
hedge,2513
lymph,2512
bezel,2511
queen,2511
visit,2510
quack,2509
vouch,2508
happy,2508
comic,2505
melee,2505
tommy,2501
molly,2497
swung,2496
sushi,2493
squid,2489
radar,2488
murky,2488
mossy,2485
conch,2483
humid,2479
fungi,2479
bunch,2478
brood,2477
glyph,2477
thumb,2474
pupil,2474
jenny,2472
paddy,2471
jacky,2470
bough,2469
tatty,2463
golly,2462
plaza,2461
hilly,2460
allay,2459
groom,2459
allyl,2459
refer,2458
windy,2458
geese,2458
husky,2457
belle,2456
booty,2452
soggy,2450
lobby,2448
assay,2447
codon,2446
broom,2445
flunk,2445
rooky,2444
hippo,2441
plumb,2439
bossy,2436
clock,2436
tippy,2433
embed,2430
scoff,2430
booth,2430
fjord,2430
ditty,2427
primp,2426
curry,2424
sunny,2424
sniff,2424
gawky,2423
idyll,2423
dusky,2420
quirk,2416
chaff,2415
whisk,2414
fugue,2413
tappa,2410
worry,2407
papal,2406
picky,2401
vacua,2401
gumbo,2400
cynic,2399
proof,2397
bloop,2395
weedy,2392
pizza,2389
blood,2389
musky,2388
chunk,2386
rigid,2385
congo,2379
missy,2379
cinch,2377
verve,2377
canna,2376
gloom,2371
lipid,2370
llama,2368
idiom,2366
jewel,2366
stuff,2365
micky,2363
howdy,2362
folly,2362
bundy,2361
muzak,2360
jowly,2358
vichy,2357
bloom,2357
amass,2356
assam,2356
skulk,2355
skull,2355
beefy,2354
nawab,2354
gizmo,2354
vying,2353
bulky,2351
nymph,2349
couch,2348
maxim,2348
bosom,2345
billy,2342
tight,2338
thigh,2338
timid,2336
cliff,2336
gimpy,2336
algal,2333
click,2330
forgo,2324
hurry,2322
shook,2322
hutch,2318
baggy,2317
kazoo,2316
abbas,2307
brook,2304
macaw,2303
flood,2303
juicy,2303
digit,2301
daffy,2298
spoof,2297
kombu,2294
chump,2294
juror,2293
exude,2291
aback,2291
spook,2291
levee,2289
level,2289
ruddy,2285
japan,2282
punky,2275
knock,2273
wedge,2266
fifty,2260
filly,2256
civil,2255
swoop,2254
kitty,2254
rummy,2253
pooch,2250
emcee,2242
fifth,2238
mucus,2233
onion,2229
witty,2217
affix,2213
mooch,2212
putty,2207
amman,2205
manna,2205
biggs,2204
gunky,2202
peppy,2200
snuff,2198
dully,2197
skunk,2192
walla,2190
widow,2188
myrrh,2186
swish,2179
dumpy,2177
byway,2174
jolly,2160
bongo,2159
jesse,2156
hunch,2151
hough,2142
humus,2131
gully,2130
cubic,2124
lolly,2121
furry,2118
bully,2116
livid,2116
plump,2112
buxom,2111
cluck,2104
tooth,2103
funky,2102
jumbo,2098
scuff,2098
bumpy,2096
moody,2095
cooky,2093
finny,2093
cocky,2093
quill,2093
mixup,2092
kinky,2087
hobby,2083
tizzy,2074
chock,2071
quick,2065
hippy,2064
pappy,2063
goody,2060
daddy,2057
vigil,2049
motto,2034
fully,2030
gypsy,2020
fussy,2018
skiff,2012
gruff,1992
shish,1981
boggy,1979
pampa,1972
quaff,1968
gunny,1967
madam,1966
chick,1965
piggy,1960
giddy,1954
bunny,1953
biddy,1940
pewee,1931
which,1928
known,1924
woody,1917
whoop,1901
junky,1900
gamma,1899
magma,1899
foggy,1893
goofy,1893
bluff,1890
booky,1873
funny,1867
queue,1864
cubby,1853
hooch,1836
kappa,1831
jumpy,1808
papaw,1794
dummy,1763
muddy,1763
minim,1761
hubby,1751
chuff,1745
jazzy,1743
chuck,1739
swiss,1734
poppy,1725
buddy,1714
muggy,1696
gummy,1696
mommy,1687
infix,1678
dizzy,1668
mimic,1661
buggy,1647
booby,1638
bobby,1638
puffy,1634
whiff,1622
jimmy,1620
pygmy,1598
fluff,1563
mamma,1558
jiffy,1485
civic,1445
oxbow,1421
puppy,1393
buzzy,1361
mummy,1355
vivid,1306
fuzzy,1275
kudzu,1210
